id;project;description;content;files;files_content_type;author;date
1;Forward driver Checking;../fake-data/blob/hipster.txt;../fake-data/blob/hipster.txt;../fake-data/blob/hipster.png;image/png;Car;2022-03-16
2;archive;../fake-data/blob/hipster.txt;../fake-data/blob/hipster.txt;../fake-data/blob/hipster.png;image/png;navigate;2022-03-15
3;RAM;../fake-data/blob/hipster.txt;../fake-data/blob/hipster.txt;../fake-data/blob/hipster.png;image/png;digital;2022-03-16
4;Berkshire;../fake-data/blob/hipster.txt;../fake-data/blob/hipster.txt;../fake-data/blob/hipster.png;image/png;Books Configuration Connecticut;2022-03-16
5;next deposit;../fake-data/blob/hipster.txt;../fake-data/blob/hipster.txt;../fake-data/blob/hipster.png;image/png;Decentralized HDD;2022-03-15
6;Facilitator;../fake-data/blob/hipster.txt;../fake-data/blob/hipster.txt;../fake-data/blob/hipster.png;image/png;Cross-platform empower Run;2022-03-16
7;models;../fake-data/blob/hipster.txt;../fake-data/blob/hipster.txt;../fake-data/blob/hipster.png;image/png;magnetic;2022-03-16
8;Spring Cross-platform International;../fake-data/blob/hipster.txt;../fake-data/blob/hipster.txt;../fake-data/blob/hipster.png;image/png;bottom-line plum;2022-03-16
9;Account Burundi capacitor;../fake-data/blob/hipster.txt;../fake-data/blob/hipster.txt;../fake-data/blob/hipster.png;image/png;solutions;2022-03-16
10;THX Officer Soap;../fake-data/blob/hipster.txt;../fake-data/blob/hipster.txt;../fake-data/blob/hipster.png;image/png;Zambia States;2022-03-16
