id;name;url;author;attachments;attachments_content_type;date
1;override array;../fake-data/blob/hipster.txt;transmit;../fake-data/blob/hipster.png;image/png;2022-03-16
2;Ergonomic Computer;../fake-data/blob/hipster.txt;withdrawal;../fake-data/blob/hipster.png;image/png;2022-03-16
3;Frozen Stream eyeballs;../fake-data/blob/hipster.txt;engineer Inlet;../fake-data/blob/hipster.png;image/png;2022-03-16
4;responsive;../fake-data/blob/hipster.txt;withdrawal core;../fake-data/blob/hipster.png;image/png;2022-03-16
5;Home withdrawal Plaza;../fake-data/blob/hipster.txt;seamless Liberia matrices;../fake-data/blob/hipster.png;image/png;2022-03-16
6;Cambridgeshire Chicken;../fake-data/blob/hipster.txt;Checking;../fake-data/blob/hipster.png;image/png;2022-03-16
7;North dynamic;../fake-data/blob/hipster.txt;Tunisia Frozen;../fake-data/blob/hipster.png;image/png;2022-03-15
8;synthesizing eyeballs;../fake-data/blob/hipster.txt;Health invoice value-added;../fake-data/blob/hipster.png;image/png;2022-03-16
9;Connecticut;../fake-data/blob/hipster.txt;calculate Manager gold;../fake-data/blob/hipster.png;image/png;2022-03-16
10;Operations;../fake-data/blob/hipster.txt;copy Leu;../fake-data/blob/hipster.png;image/png;2022-03-16
